,MAE,RMSE,Directional Accuracy
BTC-USD,0.016953217721681225,0.024344524126891056,0.4613686534216336
ETH-USD,0.02794352114878088,0.039575029537486005,0.47019867549668876
