,MAE,RMSE,Directional Accuracy
BTC-USD,0.5184531211853027,0.7380549311637878,0.5311111111111111
ETH-USD,0.6393965482711792,0.9113605618476868,0.5377777777777778
